scenario,wind_forecast_mwh,wind_used_mwh,wind_curtail_mwh,ev_charge_mwh,ev_discharge_mwh,thermal_energy_mwh,system_cost_usd
unordered,1503.3040530714238,1366.083505460862,137.2205476105619,118.00000000000004,0.0,2888.916494539138,154325.6773123144
ordered,1503.3040530714238,1470.7691188815652,32.53493418985866,118.0,0.0,2784.230881118435,151938.88128163252
v2g,1503.3040530714238,1475.2918205585797,28.012232512844058,127.44,10.5,2778.6481794414203,151803.67976635747
