scenario,wind_used_mwh,wind_curtailed_mwh,wind_available_mwh,curtailment_rate
unordered,1366.0835135393513,137.22053953207256,1503.3040530714238,0.09127929859013893
ordered,1483.0588106164068,20.245242455017134,1503.304053071424,0.013467164153288726
v2g,1494.4146515945172,8.88940147690655,1503.3040530714238,0.005913242539820521
