scenario,beta,total_energy_mwh,elec_cost_kyuan,discomfort_kyuan,total_cost_kyuan,wind_corr,weighted_wind_mw
fixed,,80.24,40.12,0.0,40.12,,92.07435829378016
tou,,80.240000005116,30.21838401323492,1.609614399130476,31.827998412365396,0.7643606428163235,153.72890405569083
wind_guided,0.8,80.24000006800965,9.484303727990502,2.741525554006341,12.225829281996843,0.7501791000844992,171.04523703939083
local_search,0.8,80.24000058425648,8.47301626418273,3.004739975092584,11.477756239275314,0.7203896313929906,171.46636127549633
