penetration_ratio,ev_energy_mwh,wind_curtailment_mwh
0.0,0.0,150.53493418985863
0.25,29.5,121.03493418985865
0.5,59.0,91.53493418985863
0.75,88.5,62.03493418985868
1.0,118.0,32.53493418985866
1.25,147.5,23.701772139962863
1.5,177.0,23.64552159392045
